q_id,A,B,Q+,C,U+,D,Q+ U+
221356,0.6,0.2,⬇⬇,0.6,-,0.2,⬇⬇
9637,0.8,0.2,⬇⬇⬇,1.0,⬆,0.2,⬇⬇⬇
143841,0.6,0.4,⬇,0.4,⬇,0.4,⬇
51674,0.6,0.6,-,0.6,-,0.4,⬇
174374,0.6,0.4,⬇,0.8,⬆,0.6,-
28527,0.6,0.4,⬇,0.4,⬇,0.4,⬇
12903,0.6,0.2,⬇⬇,0.2,⬇⬇,0.2,⬇⬇
119031,0.8,0.6,⬇,0.8,-,0.4,⬇⬇
220062,0.6,0.4,⬇,0.8,⬆,0.4,⬇
222825,0.8,0.8,-,0.4,⬇⬇,0.2,⬇⬇⬇
194592,0.6,1.0,⬆⬆,1.0,⬆⬆,0.4,⬇
51525,0.8,0.4,⬇⬇,1.0,⬆,0.4,⬇⬇
224993,0.8,0.6,⬇,0.4,⬇⬇,0.2,⬇⬇⬇
218489,0.8,0.4,⬇⬇,1.0,⬆,0.4,⬇⬇
10235,0.6,0.6,-,0.6,-,0.4,⬇
63943,0.8,0.2,⬇⬇⬇,0.0,⬇⬇⬇⬇,0.0,⬇⬇⬇⬇
283428,0.6,0.4,⬇,0.4,⬇,0.2,⬇⬇
47480,0.6,0.4,⬇,1.0,⬆⬆,0.4,⬇
196189,0.6,0.4,⬇,0.8,⬆,0.4,⬇
261416,1.0,0.0,⬇⬇⬇⬇⬇,1.0,-,0.0,⬇⬇⬇⬇⬇
219312,0.8,0.4,⬇⬇,0.6,⬇,0.4,⬇⬇
217091,1.0,0.4,⬇⬇⬇,1.0,-,0.4,⬇⬇⬇
38861,0.6,0.2,⬇⬇,1.0,⬆⬆,0.2,⬇⬇
250685,0.6,0.4,⬇,1.0,⬆⬆,0.4,⬇
67356,0.6,0.4,⬇,0.4,⬇,0.2,⬇⬇
12817,1.0,0.8,⬇,1.0,-,0.4,⬇⬇⬇
9620,0.6,0.6,-,0.6,-,0.2,⬇⬇
222390,0.8,0.6,⬇,0.6,⬇,0.2,⬇⬇⬇
59325,0.6,0.6,-,1.0,⬆⬆,0.2,⬇⬇
247219,0.6,0.6,-,1.0,⬆⬆,0.4,⬇
34441,0.8,0.2,⬇⬇⬇,0.6,⬇,0.2,⬇⬇⬇
283053,0.8,0.2,⬇⬇⬇,0.8,-,0.2,⬇⬇⬇
256886,1.0,0.4,⬇⬇⬇,0.8,⬇,0.4,⬇⬇⬇
30875,0.8,0.6,⬇,1.0,⬆,0.4,⬇⬇
198634,1.0,0.4,⬇⬇⬇,0.8,⬇,0.2,⬇⬇⬇⬇
29788,0.6,0.6,-,1.0,⬆⬆,0.2,⬇⬇
202147,0.8,0.4,⬇⬇,1.0,⬆,0.2,⬇⬇⬇
203481,0.8,0.6,⬇,0.8,-,0.4,⬇⬇
29298,0.8,0.2,⬇⬇⬇,0.8,-,0.4,⬇⬇
211759,0.6,0.6,-,0.4,⬇,0.4,⬇
10938,0.6,0.4,⬇,0.6,-,0.4,⬇
10166,0.8,0.4,⬇⬇,0.8,-,0.6,⬇
295677,0.8,0.4,⬇⬇,0.8,-,0.4,⬇⬇
142686,0.6,0.8,⬆,1.0,⬆⬆,0.4,⬇
11972,0.6,0.4,⬇,0.6,-,0.4,⬇
9259,0.6,0.4,⬇,0.4,⬇,0.4,⬇
226274,0.8,0.4,⬇⬇,0.6,⬇,0.2,⬇⬇⬇
28826,0.8,0.4,⬇⬇,0.8,-,0.4,⬇⬇
29918,1.0,0.4,⬇⬇⬇,1.0,-,0.0,⬇⬇⬇⬇⬇
29779,0.6,0.4,⬇,0.6,-,0.4,⬇
76855,0.8,0.4,⬇⬇,1.0,⬆,0.4,⬇⬇
11945,0.6,0.4,⬇,0.6,-,0.2,⬇⬇
38052,0.8,0.6,⬇,1.0,⬆,0.4,⬇⬇
143986,0.6,0.4,⬇,0.4,⬇,0.2,⬇⬇
27755,0.6,0.6,-,1.0,⬆⬆,0.4,⬇
48857,0.8,0.0,⬇⬇⬇⬇,1.0,⬆,0.0,⬇⬇⬇⬇
220094,0.8,0.2,⬇⬇⬇,1.0,⬆,0.2,⬇⬇⬇
10145,0.6,0.2,⬇⬇,0.2,⬇⬇,0.2,⬇⬇
182471,1.0,0.4,⬇⬇⬇,1.0,-,0.0,⬇⬇⬇⬇⬇
46008,0.6,0.6,-,0.6,-,0.4,⬇
39996,0.6,0.2,⬇⬇,1.0,⬆⬆,0.2,⬇⬇
10143,0.6,0.6,-,0.6,-,0.2,⬇⬇
258444,0.6,0.2,⬇⬇,0.6,-,0.2,⬇⬇
50429,0.8,0.6,⬇,0.8,-,0.4,⬇⬇
11313,0.6,0.2,⬇⬇,0.4,⬇,0.2,⬇⬇
39718,0.8,0.6,⬇,0.6,⬇,0.4,⬇⬇
228531,0.6,0.2,⬇⬇,0.8,⬆,0.2,⬇⬇
50812,0.8,0.4,⬇⬇,0.6,⬇,0.2,⬇⬇⬇
11698,1.0,0.4,⬇⬇⬇,0.4,⬇⬇⬇,0.2,⬇⬇⬇⬇
43061,0.6,0.2,⬇⬇,1.0,⬆⬆,0.2,⬇⬇
245597,0.6,0.4,⬇,1.0,⬆⬆,0.4,⬇
9606,0.6,0.4,⬇,0.8,⬆,0.4,⬇
262574,0.6,0.2,⬇⬇,0.4,⬇,0.2,⬇⬇
9130,0.6,0.4,⬇,0.6,-,0.4,⬇
252515,0.6,0.2,⬇⬇,0.6,-,0.2,⬇⬇
37515,0.6,0.0,⬇⬇⬇,0.4,⬇,0.0,⬇⬇⬇
69658,0.6,0.4,⬇,0.4,⬇,0.2,⬇⬇
11618,0.6,0.2,⬇⬇,0.6,-,0.6,-
242376,0.8,0.2,⬇⬇⬇,0.4,⬇⬇,0.2,⬇⬇⬇
204740,0.6,0.2,⬇⬇,0.2,⬇⬇,0.2,⬇⬇
9588,0.6,0.2,⬇⬇,0.4,⬇,0.6,-
37399,1.0,0.4,⬇⬇⬇,0.4,⬇⬇⬇,0.2,⬇⬇⬇⬇
56472,0.6,0.0,⬇⬇⬇,1.0,⬆⬆,0.2,⬇⬇
9166,1.0,0.6,⬇⬇,0.6,⬇⬇,0.2,⬇⬇⬇⬇
46428,1.0,0.0,⬇⬇⬇⬇⬇,1.0,-,0.0,⬇⬇⬇⬇⬇
33493,0.6,0.0,⬇⬇⬇,0.4,⬇,0.2,⬇⬇
288319,0.6,0.6,-,0.6,-,0.4,⬇
9091,0.6,0.4,⬇,0.2,⬇⬇,0.2,⬇⬇
133681,0.6,0.4,⬇,0.4,⬇,0.4,⬇
262190,0.6,0.0,⬇⬇⬇,0.6,-,0.0,⬇⬇⬇
202171,1.0,0.2,⬇⬇⬇⬇,0.6,⬇⬇,0.0,⬇⬇⬇⬇⬇
290220,0.8,0.4,⬇⬇,1.0,⬆,0.4,⬇⬇
285130,0.8,0.2,⬇⬇⬇,1.0,⬆,0.2,⬇⬇⬇
229806,0.6,0.4,⬇,1.0,⬆⬆,0.2,⬇⬇
11299,0.8,0.2,⬇⬇⬇,0.4,⬇⬇,0.2,⬇⬇⬇
9658,0.8,0.2,⬇⬇⬇,1.0,⬆,0.2,⬇⬇⬇
11108,0.6,0.4,⬇,1.0,⬆⬆,0.6,-
195306,0.8,0.6,⬇,0.6,⬇,0.4,⬇⬇
232068,0.6,0.2,⬇⬇,1.0,⬆⬆,0.2,⬇⬇
28208,0.6,0.6,-,0.6,-,0.4,⬇
11492,0.8,0.4,⬇⬇,1.0,⬆,0.2,⬇⬇⬇
12386,0.6,0.4,⬇,0.8,⬆,0.4,⬇
228095,1.0,0.6,⬇⬇,1.0,-,0.2,⬇⬇⬇⬇
221046,1.0,0.2,⬇⬇⬇⬇,1.0,-,0.0,⬇⬇⬇⬇⬇
190170,0.6,0.2,⬇⬇,0.4,⬇,0.2,⬇⬇
39962,1.0,0.2,⬇⬇⬇⬇,1.0,-,0.0,⬇⬇⬇⬇⬇
9684,0.8,0.8,-,0.8,-,0.4,⬇⬇
9343,0.6,0.8,⬆,0.8,⬆,0.4,⬇
56553,0.6,0.8,⬆,0.6,-,0.4,⬇
64870,0.6,0.8,⬆,0.8,⬆,0.2,⬇⬇
34818,0.6,0.2,⬇⬇,0.4,⬇,0.0,⬇⬇⬇
28595,0.6,0.6,-,0.6,-,0.0,⬇⬇⬇
190141,0.8,0.4,⬇⬇,0.6,⬇,0.4,⬇⬇
97266,0.8,0.4,⬇⬇,0.4,⬇⬇,0.4,⬇⬇
12528,0.8,0.4,⬇⬇,1.0,⬆,0.4,⬇⬇
187443,1.0,0.4,⬇⬇⬇,1.0,-,0.0,⬇⬇⬇⬇⬇
187595,0.8,0.8,-,0.6,⬇,0.4,⬇⬇
63302,0.6,0.4,⬇,0.8,⬆,0.6,-
41306,0.8,0.0,⬇⬇⬇⬇,0.6,⬇,0.2,⬇⬇⬇
33666,0.6,0.2,⬇⬇,0.4,⬇,0.4,⬇
65736,0.6,0.2,⬇⬇,0.8,⬆,0.2,⬇⬇
199410,1.0,0.2,⬇⬇⬇⬇,0.8,⬇,0.2,⬇⬇⬇⬇
106766,0.8,0.0,⬇⬇⬇⬇,0.8,-,0.0,⬇⬇⬇⬇
12683,0.6,0.2,⬇⬇,0.2,⬇⬇,0.2,⬇⬇
11241,0.6,0.4,⬇,0.6,-,0.4,⬇
194381,0.8,0.6,⬇,1.0,⬆,0.2,⬇⬇⬇
150801,0.6,0.4,⬇,0.6,-,0.6,-
57965,0.8,0.6,⬇,1.0,⬆,0.2,⬇⬇⬇
9796,0.6,0.4,⬇,0.6,-,0.6,-
10885,0.6,0.4,⬇,1.0,⬆⬆,0.4,⬇
9041,1.0,0.4,⬇⬇⬇,0.8,⬇,0.4,⬇⬇⬇
34914,0.8,0.4,⬇⬇,0.6,⬇,0.2,⬇⬇⬇
209452,0.8,0.2,⬇⬇⬇,0.6,⬇,0.2,⬇⬇⬇
9511,0.6,0.2,⬇⬇,0.4,⬇,0.0,⬇⬇⬇
227754,0.8,0.2,⬇⬇⬇,0.6,⬇,0.2,⬇⬇⬇
11113,0.6,0.2,⬇⬇,0.6,-,0.4,⬇
11030,0.6,0.4,⬇,0.4,⬇,0.2,⬇⬇
58633,0.6,0.2,⬇⬇,0.6,-,0.2,⬇⬇
74776,0.8,0.4,⬇⬇,0.4,⬇⬇,0.2,⬇⬇⬇
189946,0.6,0.4,⬇,0.6,-,0.6,-
203735,0.6,0.2,⬇⬇,1.0,⬆⬆,0.2,⬇⬇
67106,0.8,0.4,⬇⬇,0.6,⬇,0.0,⬇⬇⬇⬇
76243,0.6,0.2,⬇⬇,1.0,⬆⬆,0.0,⬇⬇⬇
52935,0.6,0.4,⬇,0.4,⬇,0.4,⬇
214649,0.8,0.2,⬇⬇⬇,0.4,⬇⬇,0.4,⬇⬇
64825,0.6,0.4,⬇,0.4,⬇,0.2,⬇⬇
10187,1.0,0.6,⬇⬇,1.0,-,0.0,⬇⬇⬇⬇⬇
281269,0.8,0.4,⬇⬇,0.8,-,0.4,⬇⬇
10920,0.6,0.2,⬇⬇,0.6,-,0.2,⬇⬇
50976,0.8,0.0,⬇⬇⬇⬇,1.0,⬆,0.0,⬇⬇⬇⬇
9902,0.8,0.4,⬇⬇,1.0,⬆,0.4,⬇⬇
33511,0.6,0.2,⬇⬇,0.8,⬆,0.2,⬇⬇
56544,0.8,0.2,⬇⬇⬇,0.8,-,0.2,⬇⬇⬇
53993,0.6,0.6,-,1.0,⬆⬆,0.4,⬇
9107,0.8,0.4,⬇⬇,0.6,⬇,0.6,⬇
276472,0.8,0.2,⬇⬇⬇,1.0,⬆,0.2,⬇⬇⬇
9977,0.6,0.0,⬇⬇⬇,0.4,⬇,0.2,⬇⬇
55892,0.8,0.2,⬇⬇⬇,0.6,⬇,0.2,⬇⬇⬇
41880,1.0,0.6,⬇⬇,0.8,⬇,0.4,⬇⬇⬇
235027,0.8,0.2,⬇⬇⬇,1.0,⬆,0.4,⬇⬇
113666,0.8,0.4,⬇⬇,1.0,⬆,0.2,⬇⬇⬇
38731,1.0,0.6,⬇⬇,1.0,-,0.4,⬇⬇⬇
280213,0.6,0.4,⬇,0.6,-,0.2,⬇⬇
209276,0.8,0.2,⬇⬇⬇,0.8,-,0.0,⬇⬇⬇⬇
98016,0.8,0.2,⬇⬇⬇,0.8,-,0.2,⬇⬇⬇
59970,0.8,0.4,⬇⬇,0.8,-,0.6,⬇
99551,0.6,0.0,⬇⬇⬇,0.2,⬇⬇,0.0,⬇⬇⬇
200115,0.6,0.2,⬇⬇,1.0,⬆⬆,0.0,⬇⬇⬇
218146,0.6,0.2,⬇⬇,0.6,-,0.2,⬇⬇
226958,0.6,0.6,-,1.0,⬆⬆,0.2,⬇⬇
130036,0.6,0.4,⬇,1.0,⬆⬆,0.6,-
9251,0.8,0.2,⬇⬇⬇,0.8,-,0.2,⬇⬇⬇
48320,0.8,0.8,-,1.0,⬆,0.4,⬇⬇
44135,0.8,0.6,⬇,0.8,-,0.4,⬇⬇
224497,0.8,0.6,⬇,0.8,-,0.4,⬇⬇
242744,0.8,0.4,⬇⬇,0.6,⬇,0.4,⬇⬇
207254,0.6,0.4,⬇,0.6,-,0.4,⬇
11754,0.8,0.4,⬇⬇,0.8,-,0.6,⬇
10843,1.0,0.4,⬇⬇⬇,0.8,⬇,0.2,⬇⬇⬇⬇
179712,0.6,0.6,-,1.0,⬆⬆,0.4,⬇
54756,0.6,0.6,-,0.6,-,0.4,⬇
231995,0.6,0.4,⬇,0.6,-,0.2,⬇⬇
273384,0.6,0.0,⬇⬇⬇,1.0,⬆⬆,0.0,⬇⬇⬇
287612,0.6,0.4,⬇,0.4,⬇,0.4,⬇
108526,0.8,0.2,⬇⬇⬇,0.6,⬇,0.0,⬇⬇⬇⬇
40909,0.8,0.2,⬇⬇⬇,0.8,-,0.2,⬇⬇⬇
247452,1.0,0.0,⬇⬇⬇⬇⬇,0.4,⬇⬇⬇,0.0,⬇⬇⬇⬇⬇
244175,0.8,0.2,⬇⬇⬇,0.4,⬇⬇,0.2,⬇⬇⬇
56110,0.6,0.2,⬇⬇,0.6,-,0.4,⬇
209973,0.6,0.2,⬇⬇,0.2,⬇⬇,0.2,⬇⬇
62896,0.6,0.6,-,0.4,⬇,0.4,⬇
174103,0.6,0.0,⬇⬇⬇,0.0,⬇⬇⬇,0.0,⬇⬇⬇
9197,0.6,0.6,-,0.6,-,0.4,⬇
40000,0.6,0.4,⬇,0.8,⬆,0.4,⬇
38271,0.6,0.2,⬇⬇,1.0,⬆⬆,0.2,⬇⬇
244937,0.6,0.4,⬇,1.0,⬆⬆,0.4,⬇
41073,0.8,0.2,⬇⬇⬇,0.2,⬇⬇⬇,0.0,⬇⬇⬇⬇
12212,0.8,0.6,⬇,0.6,⬇,0.4,⬇⬇
245989,0.6,0.6,-,0.6,-,0.2,⬇⬇
42258,0.6,0.0,⬇⬇⬇,1.0,⬆⬆,0.2,⬇⬇
190536,0.6,0.2,⬇⬇,0.6,-,0.2,⬇⬇
28890,0.6,0.2,⬇⬇,0.6,-,0.4,⬇
173501,0.6,0.6,-,1.0,⬆⬆,0.2,⬇⬇
240487,0.6,0.2,⬇⬇,0.4,⬇,0.2,⬇⬇
42706,0.6,0.2,⬇⬇,1.0,⬆⬆,0.2,⬇⬇
61811,0.6,0.2,⬇⬇,0.6,-,0.0,⬇⬇⬇
202700,1.0,0.6,⬇⬇,0.8,⬇,0.4,⬇⬇⬇
246787,0.6,0.2,⬇⬇,0.6,-,0.2,⬇⬇
10371,0.6,0.4,⬇,0.6,-,0.4,⬇
263193,0.8,0.4,⬇⬇,0.8,-,0.0,⬇⬇⬇⬇
233787,1.0,0.0,⬇⬇⬇⬇⬇,0.4,⬇⬇⬇,0.0,⬇⬇⬇⬇⬇
12313,0.6,0.2,⬇⬇,1.0,⬆⬆,0.6,-
126391,1.0,0.8,⬇,1.0,-,0.4,⬇⬇⬇
39085,0.6,0.4,⬇,0.6,-,0.4,⬇
37635,0.6,0.4,⬇,0.6,-,0.6,-
11935,0.8,0.2,⬇⬇⬇,0.4,⬇⬇,0.0,⬇⬇⬇⬇
141676,0.8,0.4,⬇⬇,0.8,-,0.6,⬇
34641,0.6,0.6,-,0.8,⬆,0.4,⬇
245030,1.0,0.2,⬇⬇⬇⬇,1.0,-,0.2,⬇⬇⬇⬇
275441,1.0,0.2,⬇⬇⬇⬇,0.4,⬇⬇⬇,0.4,⬇⬇⬇
67691,0.6,0.2,⬇⬇,0.4,⬇,0.4,⬇
211327,0.8,0.6,⬇,0.4,⬇⬇,0.2,⬇⬇⬇
135796,0.6,0.4,⬇,0.8,⬆,0.4,⬇
65626,0.6,0.4,⬇,0.6,-,0.6,-
129616,0.6,0.4,⬇,0.6,-,0.4,⬇
173295,0.8,0.2,⬇⬇⬇,0.6,⬇,0.2,⬇⬇⬇
31580,0.6,0.4,⬇,0.6,-,0.4,⬇
61712,0.6,0.4,⬇,0.4,⬇,0.2,⬇⬇
9159,0.8,0.4,⬇⬇,0.8,-,0.6,⬇
11095,0.8,0.0,⬇⬇⬇⬇,0.4,⬇⬇,0.0,⬇⬇⬇⬇
212857,0.6,0.2,⬇⬇,0.2,⬇⬇,0.2,⬇⬇
55945,0.6,0.4,⬇,1.0,⬆⬆,0.4,⬇
211789,0.6,0.4,⬇,0.4,⬇,0.0,⬇⬇⬇
62960,0.6,0.4,⬇,0.6,-,0.4,⬇
31570,0.8,0.4,⬇⬇,0.8,-,0.4,⬇⬇
230566,0.6,0.0,⬇⬇⬇,1.0,⬆⬆,0.0,⬇⬇⬇
12093,0.6,0.4,⬇,0.4,⬇,0.2,⬇⬇
189492,0.6,0.6,-,0.6,-,0.4,⬇
93306,0.6,0.0,⬇⬇⬇,1.0,⬆⬆,0.0,⬇⬇⬇
120126,0.8,0.2,⬇⬇⬇,1.0,⬆,0.2,⬇⬇⬇
30539,0.6,0.4,⬇,0.8,⬆,0.4,⬇
165961,0.8,0.6,⬇,0.6,⬇,0.4,⬇⬇
11915,0.8,0.6,⬇,0.8,-,0.4,⬇⬇
12158,0.8,0.2,⬇⬇⬇,0.8,-,0.4,⬇⬇
11500,0.6,0.2,⬇⬇,0.6,-,0.2,⬇⬇
35962,0.6,0.4,⬇,1.0,⬆⬆,0.4,⬇
11676,0.8,0.4,⬇⬇,0.8,-,0.6,⬇
12632,0.8,0.2,⬇⬇⬇,0.4,⬇⬇,0.2,⬇⬇⬇
285062,0.6,0.2,⬇⬇,0.4,⬇,0.2,⬇⬇
236122,0.6,0.2,⬇⬇,0.6,-,0.2,⬇⬇
173432,1.0,0.6,⬇⬇,1.0,-,0.2,⬇⬇⬇⬇
156861,0.6,0.0,⬇⬇⬇,0.6,-,0.2,⬇⬇
263114,0.6,0.6,-,0.8,⬆,0.4,⬇
58955,0.6,0.2,⬇⬇,0.4,⬇,0.2,⬇⬇
233735,0.6,0.6,-,0.8,⬆,0.4,⬇
197320,1.0,0.4,⬇⬇⬇,1.0,-,0.2,⬇⬇⬇⬇
256435,0.6,0.2,⬇⬇,1.0,⬆⬆,0.2,⬇⬇
279704,0.8,0.4,⬇⬇,0.8,-,0.6,⬇
273191,0.6,0.4,⬇,0.6,-,0.4,⬇
75241,0.8,0.6,⬇,0.8,-,0.4,⬇⬇
217179,1.0,0.4,⬇⬇⬇,0.6,⬇⬇,0.4,⬇⬇⬇
189846,0.6,0.2,⬇⬇,1.0,⬆⬆,0.4,⬇
38776,0.8,0.6,⬇,1.0,⬆,0.4,⬇⬇
187321,0.8,0.6,⬇,1.0,⬆,0.0,⬇⬇⬇⬇
75766,0.6,0.4,⬇,0.6,-,0.4,⬇
251253,0.6,0.4,⬇,0.4,⬇,0.4,⬇
264134,0.6,0.6,-,1.0,⬆⬆,0.2,⬇⬇
47612,0.6,0.4,⬇,1.0,⬆⬆,0.2,⬇⬇
10635,0.6,0.4,⬇,1.0,⬆⬆,0.4,⬇
9640,0.8,0.8,-,0.6,⬇,0.4,⬇⬇
11156,0.8,0.0,⬇⬇⬇⬇,1.0,⬆,0.2,⬇⬇⬇
65153,0.8,0.2,⬇⬇⬇,0.8,-,0.2,⬇⬇⬇
195523,0.6,0.4,⬇,1.0,⬆⬆,0.4,⬇
11417,0.6,0.0,⬇⬇⬇,1.0,⬆⬆,0.2,⬇⬇
188399,0.8,0.4,⬇⬇,0.6,⬇,0.4,⬇⬇
38099,0.6,0.8,⬆,0.6,-,0.4,⬇
214026,0.6,0.4,⬇,0.6,-,0.2,⬇⬇
65162,0.8,0.6,⬇,0.8,-,0.2,⬇⬇⬇
40888,0.6,0.4,⬇,0.8,⬆,0.6,-
10038,0.8,0.2,⬇⬇⬇,0.4,⬇⬇,0.6,⬇
46307,0.8,0.6,⬇,0.8,-,0.4,⬇⬇
54279,0.8,0.2,⬇⬇⬇,0.6,⬇,0.4,⬇⬇
28561,0.6,0.4,⬇,0.8,⬆,0.4,⬇
165396,0.8,0.2,⬇⬇⬇,1.0,⬆,0.2,⬇⬇⬇
11532,0.6,0.6,-,0.6,-,0.2,⬇⬇
28376,0.6,0.4,⬇,0.6,-,0.4,⬇
44844,0.6,0.2,⬇⬇,0.8,⬆,0.2,⬇⬇
240235,0.8,0.6,⬇,0.6,⬇,0.0,⬇⬇⬇⬇
203867,0.6,0.4,⬇,1.0,⬆⬆,0.4,⬇
272430,0.8,0.6,⬇,0.8,-,0.4,⬇⬇
10612,0.6,0.4,⬇,0.6,-,0.4,⬇
121831,0.8,0.4,⬇⬇,0.4,⬇⬇,0.4,⬇⬇
11207,1.0,0.6,⬇⬇,0.8,⬇,0.4,⬇⬇⬇
32867,0.6,0.6,-,0.4,⬇,0.4,⬇
288783,0.8,0.6,⬇,0.8,-,0.4,⬇⬇
213080,0.6,0.8,⬆,0.6,-,0.2,⬇⬇
224818,0.8,0.4,⬇⬇,0.6,⬇,0.4,⬇⬇
43375,0.6,0.4,⬇,0.6,-,0.2,⬇⬇
9766,0.8,0.2,⬇⬇⬇,0.4,⬇⬇,0.2,⬇⬇⬇
202211,0.6,0.2,⬇⬇,1.0,⬆⬆,0.4,⬇
12673,0.6,0.4,⬇,0.6,-,0.4,⬇
280625,0.6,0.2,⬇⬇,1.0,⬆⬆,0.2,⬇⬇
195807,0.6,0.4,⬇,0.4,⬇,0.4,⬇
12894,0.8,0.2,⬇⬇⬇,0.6,⬇,0.6,⬇
263982,0.8,0.6,⬇,0.8,-,0.4,⬇⬇
64946,0.6,0.4,⬇,1.0,⬆⬆,0.2,⬇⬇
42780,0.8,0.8,-,1.0,⬆,0.2,⬇⬇⬇
9056,0.6,0.2,⬇⬇,0.6,-,0.2,⬇⬇
145521,0.6,0.4,⬇,0.6,-,0.4,⬇
112421,1.0,1.0,-,0.8,⬇,0.4,⬇⬇⬇
205594,0.8,0.6,⬇,0.8,-,0.2,⬇⬇⬇
58948,0.6,0.2,⬇⬇,1.0,⬆⬆,0.2,⬇⬇
191203,0.8,0.4,⬇⬇,0.6,⬇,0.2,⬇⬇⬇
62775,0.6,0.4,⬇,0.8,⬆,0.4,⬇
42472,0.6,0.2,⬇⬇,0.6,-,0.2,⬇⬇
11875,1.0,0.4,⬇⬇⬇,0.8,⬇,0.2,⬇⬇⬇⬇
33380,0.6,0.2,⬇⬇,0.4,⬇,0.0,⬇⬇⬇
38170,1.0,0.4,⬇⬇⬇,1.0,-,0.4,⬇⬇⬇
10817,0.6,0.6,-,0.6,-,0.4,⬇
12319,0.6,0.2,⬇⬇,0.4,⬇,0.2,⬇⬇
55513,0.6,0.2,⬇⬇,0.6,-,0.2,⬇⬇
75457,0.8,0.4,⬇⬇,0.6,⬇,0.2,⬇⬇⬇
12995,0.8,0.4,⬇⬇,0.8,-,0.2,⬇⬇⬇
10435,0.6,0.0,⬇⬇⬇,0.6,-,0.2,⬇⬇
66009,0.6,0.4,⬇,0.4,⬇,0.0,⬇⬇⬇
265425,1.0,0.4,⬇⬇⬇,0.4,⬇⬇⬇,0.4,⬇⬇⬇
57601,1.0,0.8,⬇,0.8,⬇,0.4,⬇⬇⬇
31944,0.8,0.4,⬇⬇,1.0,⬆,0.6,⬇
52773,0.8,0.0,⬇⬇⬇⬇,0.6,⬇,0.0,⬇⬇⬇⬇
9917,0.6,0.4,⬇,0.4,⬇,0.4,⬇
188584,0.8,0.0,⬇⬇⬇⬇,1.0,⬆,0.0,⬇⬇⬇⬇
224557,0.8,0.4,⬇⬇,1.0,⬆,0.2,⬇⬇⬇
236868,0.6,0.6,-,0.6,-,0.4,⬇
264681,0.8,0.2,⬇⬇⬇,0.4,⬇⬇,0.4,⬇⬇
9702,0.8,0.4,⬇⬇,0.8,-,0.4,⬇⬇
195300,0.6,0.6,-,0.8,⬆,0.4,⬇
191265,0.6,0.2,⬇⬇,0.6,-,0.2,⬇⬇
11460,0.8,0.0,⬇⬇⬇⬇,1.0,⬆,0.2,⬇⬇⬇
193876,0.6,0.6,-,0.8,⬆,0.2,⬇⬇
39026,0.6,0.2,⬇⬇,0.8,⬆,0.2,⬇⬇
104966,0.6,0.4,⬇,0.4,⬇,0.2,⬇⬇
107006,0.8,0.4,⬇⬇,1.0,⬆,0.2,⬇⬇⬇
211196,0.6,0.2,⬇⬇,0.8,⬆,0.2,⬇⬇
9545,0.6,0.4,⬇,1.0,⬆⬆,0.2,⬇⬇
153971,1.0,0.4,⬇⬇⬇,0.4,⬇⬇⬇,0.2,⬇⬇⬇⬇
240368,1.0,0.6,⬇⬇,0.6,⬇⬇,0.4,⬇⬇⬇
40854,0.6,0.4,⬇,0.6,-,0.6,-
243261,0.6,0.2,⬇⬇,1.0,⬆⬆,0.2,⬇⬇
10335,0.6,0.4,⬇,0.6,-,0.4,⬇
9442,0.8,0.4,⬇⬇,0.8,-,0.6,⬇
206828,0.8,0.2,⬇⬇⬇,1.0,⬆,0.2,⬇⬇⬇
52066,0.6,0.2,⬇⬇,0.4,⬇,0.0,⬇⬇⬇
270885,0.8,0.6,⬇,1.0,⬆,0.2,⬇⬇⬇
67073,0.6,0.8,⬆,0.8,⬆,0.4,⬇
10149,0.8,0.0,⬇⬇⬇⬇,0.8,-,0.0,⬇⬇⬇⬇
40792,0.8,0.4,⬇⬇,0.8,-,0.2,⬇⬇⬇
28144,0.6,0.4,⬇,0.4,⬇,0.4,⬇
259064,0.6,0.6,-,0.6,-,0.2,⬇⬇
201936,0.8,0.4,⬇⬇,0.8,-,0.2,⬇⬇⬇
201215,0.8,0.2,⬇⬇⬇,1.0,⬆,0.2,⬇⬇⬇
36430,0.6,0.2,⬇⬇,0.4,⬇,0.2,⬇⬇
201125,1.0,0.0,⬇⬇⬇⬇⬇,1.0,-,0.0,⬇⬇⬇⬇⬇
60804,0.6,0.2,⬇⬇,0.8,⬆,0.2,⬇⬇
186960,0.6,0.4,⬇,0.6,-,0.4,⬇
11176,0.6,0.6,-,0.6,-,0.4,⬇
66238,0.8,0.0,⬇⬇⬇⬇,0.4,⬇⬇,0.0,⬇⬇⬇⬇
94771,0.6,0.4,⬇,0.6,-,0.4,⬇
240998,0.6,0.4,⬇,0.6,-,0.4,⬇
200282,0.8,0.2,⬇⬇⬇,0.4,⬇⬇,0.2,⬇⬇⬇
37718,0.6,0.4,⬇,0.6,-,0.6,-
142271,0.6,0.4,⬇,0.8,⬆,0.4,⬇
10013,0.8,0.6,⬇,0.6,⬇,0.2,⬇⬇⬇
10222,1.0,0.4,⬇⬇⬇,0.8,⬇,0.4,⬇⬇⬇
43012,0.8,0.4,⬇⬇,0.6,⬇,0.2,⬇⬇⬇
143246,0.6,0.8,⬆,0.6,-,0.4,⬇
257182,0.8,0.8,-,1.0,⬆,0.4,⬇⬇
58819,0.6,0.6,-,1.0,⬆⬆,0.2,⬇⬇
224403,0.8,0.2,⬇⬇⬇,1.0,⬆,0.4,⬇⬇
206099,0.6,0.2,⬇⬇,0.2,⬇⬇,0.2,⬇⬇
205853,0.8,0.6,⬇,0.4,⬇⬇,0.4,⬇⬇
209617,1.0,0.4,⬇⬇⬇,1.0,-,0.2,⬇⬇⬇⬇
46521,0.6,0.4,⬇,0.6,-,0.4,⬇
196313,0.8,0.4,⬇⬇,1.0,⬆,0.4,⬇⬇
183212,0.6,0.4,⬇,0.4,⬇,0.4,⬇
12572,0.8,0.6,⬇,1.0,⬆,0.4,⬇⬇
66495,1.0,0.2,⬇⬇⬇⬇,0.6,⬇⬇,0.4,⬇⬇⬇
238083,0.6,0.4,⬇,1.0,⬆⬆,0.4,⬇
294278,0.6,0.6,-,0.8,⬆,0.4,⬇
246917,0.6,0.2,⬇⬇,0.6,-,0.2,⬇⬇
9301,0.6,0.6,-,0.6,-,0.4,⬇
225012,1.0,0.8,⬇,1.0,-,0.2,⬇⬇⬇⬇
12470,0.8,0.2,⬇⬇⬇,1.0,⬆,0.4,⬇⬇
114631,0.6,0.4,⬇,0.8,⬆,0.4,⬇
11722,0.8,0.4,⬇⬇,0.6,⬇,0.4,⬇⬇
196976,0.8,0.0,⬇⬇⬇⬇,0.6,⬇,0.0,⬇⬇⬇⬇
104986,0.6,0.4,⬇,0.4,⬇,0.4,⬇
68818,0.8,0.6,⬇,1.0,⬆,0.4,⬇⬇
214195,0.6,0.4,⬇,0.6,-,0.4,⬇
47762,0.6,0.2,⬇⬇,0.2,⬇⬇,0.2,⬇⬇
36589,0.6,0.4,⬇,1.0,⬆⬆,0.6,-
71188,0.6,0.0,⬇⬇⬇,0.6,-,0.0,⬇⬇⬇
63217,0.6,0.4,⬇,1.0,⬆⬆,0.4,⬇
231041,0.8,0.0,⬇⬇⬇⬇,1.0,⬆,0.0,⬇⬇⬇⬇
110196,1.0,0.4,⬇⬇⬇,1.0,-,0.2,⬇⬇⬇⬇
11219,0.6,0.6,-,1.0,⬆⬆,0.2,⬇⬇
41099,0.6,0.6,-,0.4,⬇,0.4,⬇
10372,0.6,0.2,⬇⬇,0.4,⬇,0.2,⬇⬇
11378,0.6,0.6,-,0.6,-,0.4,⬇
229083,1.0,0.0,⬇⬇⬇⬇⬇,0.4,⬇⬇⬇,0.0,⬇⬇⬇⬇⬇
56275,0.6,0.0,⬇⬇⬇,0.2,⬇⬇,0.0,⬇⬇⬇
11133,0.6,0.4,⬇,0.4,⬇,0.2,⬇⬇
11350,0.6,0.4,⬇,0.6,-,0.4,⬇
127181,0.6,0.6,-,0.6,-,0.2,⬇⬇
12324,1.0,0.8,⬇,1.0,-,0.4,⬇⬇⬇
36600,0.6,0.4,⬇,0.4,⬇,0.4,⬇
47765,0.6,0.8,⬆,1.0,⬆⬆,0.4,⬇
158481,1.0,0.2,⬇⬇⬇⬇,0.8,⬇,0.2,⬇⬇⬇⬇
34628,0.8,0.4,⬇⬇,0.4,⬇⬇,0.2,⬇⬇⬇
65331,0.6,0.4,⬇,0.6,-,0.2,⬇⬇
54678,0.8,0.4,⬇⬇,0.6,⬇,0.2,⬇⬇⬇
273246,0.8,0.6,⬇,0.8,-,0.2,⬇⬇⬇
57084,1.0,0.2,⬇⬇⬇⬇,0.4,⬇⬇⬇,0.2,⬇⬇⬇⬇
193233,0.8,0.0,⬇⬇⬇⬇,0.4,⬇⬇,0.0,⬇⬇⬇⬇
40521,0.6,0.2,⬇⬇,0.8,⬆,0.2,⬇⬇
12105,0.6,0.2,⬇⬇,0.4,⬇,0.2,⬇⬇
12265,0.6,0.6,-,0.6,-,0.4,⬇
58038,0.8,0.6,⬇,1.0,⬆,0.2,⬇⬇⬇
223601,0.6,0.2,⬇⬇,0.6,-,0.0,⬇⬇⬇
265660,0.8,0.2,⬇⬇⬇,1.0,⬆,0.2,⬇⬇⬇
51490,0.8,0.2,⬇⬇⬇,0.4,⬇⬇,0.2,⬇⬇⬇
43583,1.0,0.6,⬇⬇,0.8,⬇,0.4,⬇⬇⬇
11696,0.8,0.6,⬇,1.0,⬆,0.4,⬇⬇
48762,0.8,0.6,⬇,0.8,-,0.4,⬇⬇
120771,0.6,0.6,-,0.4,⬇,0.6,-
62467,0.6,0.2,⬇⬇,1.0,⬆⬆,0.2,⬇⬇
50585,0.6,0.4,⬇,0.4,⬇,0.0,⬇⬇⬇
109371,0.6,0.4,⬇,0.4,⬇,0.4,⬇
63196,0.6,0.2,⬇⬇,0.6,-,0.2,⬇⬇
9987,0.8,0.2,⬇⬇⬇,0.6,⬇,0.2,⬇⬇⬇
45780,0.6,0.4,⬇,1.0,⬆⬆,0.4,⬇
9384,0.8,0.6,⬇,0.8,-,0.2,⬇⬇⬇
60625,0.8,0.6,⬇,0.6,⬇,0.2,⬇⬇⬇
292887,0.6,0.4,⬇,0.4,⬇,0.2,⬇⬇
206649,0.6,0.4,⬇,0.2,⬇⬇,0.2,⬇⬇
164186,1.0,0.4,⬇⬇⬇,0.6,⬇⬇,0.2,⬇⬇⬇⬇
191708,0.6,0.4,⬇,0.6,-,0.4,⬇
208936,0.8,0.0,⬇⬇⬇⬇,1.0,⬆,0.0,⬇⬇⬇⬇
12715,0.6,0.4,⬇,0.4,⬇,0.4,⬇
199737,0.8,0.2,⬇⬇⬇,0.8,-,0.2,⬇⬇⬇
202945,0.8,0.6,⬇,1.0,⬆,0.4,⬇⬇
51928,0.8,0.0,⬇⬇⬇⬇,1.0,⬆,0.2,⬇⬇⬇
186707,0.6,0.4,⬇,0.4,⬇,0.2,⬇⬇
11058,1.0,0.0,⬇⬇⬇⬇⬇,0.2,⬇⬇⬇⬇,0.0,⬇⬇⬇⬇⬇
11910,0.8,0.8,-,1.0,⬆,0.2,⬇⬇⬇
74278,0.8,0.4,⬇⬇,0.8,-,0.6,⬇
209304,0.8,0.4,⬇⬇,1.0,⬆,0.4,⬇⬇
211255,0.8,0.2,⬇⬇⬇,0.8,-,0.2,⬇⬇⬇
281139,0.8,0.4,⬇⬇,0.6,⬇,0.4,⬇⬇
33234,1.0,0.2,⬇⬇⬇⬇,1.0,-,0.2,⬇⬇⬇⬇
274159,0.6,0.4,⬇,0.6,-,0.4,⬇
225183,1.0,0.2,⬇⬇⬇⬇,0.8,⬇,0.2,⬇⬇⬇⬇
11934,0.8,0.4,⬇⬇,1.0,⬆,0.2,⬇⬇⬇
11406,0.6,0.0,⬇⬇⬇,0.8,⬆,0.6,-
66825,0.8,0.6,⬇,0.8,-,0.4,⬇⬇
188934,0.6,0.4,⬇,1.0,⬆⬆,0.4,⬇
201523,0.6,0.2,⬇⬇,0.6,-,0.2,⬇⬇
255599,0.8,0.4,⬇⬇,0.6,⬇,0.6,⬇
186986,0.6,0.4,⬇,0.2,⬇⬇,0.2,⬇⬇
230327,0.6,0.2,⬇⬇,0.6,-,0.2,⬇⬇
244443,0.8,0.4,⬇⬇,1.0,⬆,0.2,⬇⬇⬇
204499,0.6,0.6,-,1.0,⬆⬆,0.4,⬇
10951,0.8,0.4,⬇⬇,1.0,⬆,0.2,⬇⬇⬇
40096,1.0,0.2,⬇⬇⬇⬇,0.4,⬇⬇⬇,0.2,⬇⬇⬇⬇
9686,1.0,0.6,⬇⬇,1.0,-,0.0,⬇⬇⬇⬇⬇
141151,0.8,0.4,⬇⬇,0.6,⬇,0.4,⬇⬇
155391,0.8,0.0,⬇⬇⬇⬇,1.0,⬆,0.0,⬇⬇⬇⬇
9943,0.6,0.4,⬇,0.4,⬇,0.2,⬇⬇
12264,0.8,0.4,⬇⬇,0.6,⬇,0.4,⬇⬇
47626,0.6,0.4,⬇,0.6,-,0.4,⬇
42698,0.6,0.4,⬇,1.0,⬆⬆,0.6,-
213645,0.8,0.6,⬇,1.0,⬆,0.2,⬇⬇⬇
46056,0.6,0.4,⬇,0.4,⬇,0.0,⬇⬇⬇
227452,0.6,0.6,-,0.4,⬇,0.4,⬇
222498,0.6,0.4,⬇,0.4,⬇,0.6,-
12552,0.6,0.2,⬇⬇,1.0,⬆⬆,0.0,⬇⬇⬇
47185,0.6,0.4,⬇,0.8,⬆,0.4,⬇
11629,0.6,0.2,⬇⬇,0.8,⬆,0.2,⬇⬇
127996,0.8,0.8,-,1.0,⬆,0.2,⬇⬇⬇
247954,0.6,0.4,⬇,0.6,-,0.6,-
66586,0.6,0.2,⬇⬇,0.6,-,0.4,⬇
223633,0.6,0.6,-,0.8,⬆,0.0,⬇⬇⬇
58362,0.6,0.4,⬇,0.6,-,0.2,⬇⬇
159276,0.8,0.2,⬇⬇⬇,1.0,⬆,0.0,⬇⬇⬇⬇
249988,0.8,0.2,⬇⬇⬇,1.0,⬆,0.2,⬇⬇⬇
11363,0.6,0.2,⬇⬇,0.4,⬇,0.2,⬇⬇
